age,imc,taux_masse_grasse,label
18,21.48,22.7,maintien
56,21.34,22.8,prise_masse
18,19.73,16.7,perte_poids
54,39.87,42.1,perte_poids
22,24.55,20.4,maintien
42,27.6,29.4,maintien
57,28.55,22.8,perte_poids
20,27.56,31.3,maintien
26,33.73,25.1,maintien
25,24.75,31.7,perte_poids
26,29.44,42.6,perte_poids
55,30.79,43.5,perte_poids
54,37.74,44.1,maintien
44,28.96,31.8,maintien
40,25.53,20.2,perte_poids
36,27.08,34.8,perte_poids
55,25.97,25.9,perte_poids
41,25.89,39.7,perte_poids
47,25.86,40.2,maintien
32,22.25,35.7,maintien
19,27.39,34.3,perte_poids
46,33.46,43.4,perte_poids
34,23.61,29.0,perte_poids
20,36.86,35.1,perte_poids
52,31.97,43.3,perte_poids
41,22.76,14.8,maintien
59,24.66,27.7,maintien
44,28.44,35.8,perte_poids
24,29.52,32.8,perte_poids
41,27.8,39.1,maintien
32,27.95,36.6,maintien
55,24.34,29.0,perte_poids
58,33.4,41.4,perte_poids
52,28.42,41.1,perte_poids
48,36.49,34.4,perte_poids
35,39.07,48.3,perte_poids
50,30.06,40.7,perte_poids
47,23.98,26.8,maintien
48,32.81,43.6,perte_poids
42,20.98,23.8,maintien
43,40.94,44.4,perte_poids
40,22.66,26.0,maintien
19,16.68,28.0,prise_masse
50,31.58,36.6,perte_poids
26,21.99,24.8,maintien
20,18.96,31.4,prise_masse
55,21.41,31.7,maintien
37,24.92,19.5,maintien
19,21.31,14.6,maintien
37,21.25,30.3,maintien
27,23.77,24.6,maintien
56,44.56,47.2,perte_poids
55,28.22,24.5,maintien
40,34.09,35.0,perte_poids
48,30.94,32.2,maintien
24,27.49,36.0,maintien
39,29.1,27.9,perte_poids
41,24.78,26.2,maintien
40,24.79,35.1,perte_poids
41,34.6,33.3,perte_poids
34,24.28,27.0,maintien
28,24.73,19.7,maintien
31,36.09,36.9,perte_poids
54,24.54,41.7,maintien
24,35.2,30.7,maintien
54,31.29,46.2,perte_poids
30,32.55,35.7,perte_poids
40,28.81,42.3,perte_poids
42,28.3,22.4,maintien
22,21.66,21.6,maintien
53,25.7,35.9,perte_poids
49,24.61,31.2,maintien
30,34.91,37.2,perte_poids
26,40.2,37.2,perte_poids
24,23.15,19.8,maintien
41,29.11,45.9,perte_poids
52,28.9,33.0,perte_poids
57,26.12,30.6,prise_masse
33,22.45,30.3,maintien
33,25.14,26.6,maintien
40,38.23,33.8,perte_poids
35,29.62,30.0,perte_poids
57,21.19,25.9,prise_masse
29,19.2,33.9,maintien
57,20.46,26.9,maintien
32,31.71,36.5,perte_poids
35,39.24,30.0,perte_poids
39,21.35,30.0,maintien
24,20.35,33.1,maintien
18,20.51,33.9,maintien
25,30.1,43.1,perte_poids
25,25.18,33.0,perte_poids
56,22.36,28.0,maintien
30,26.24,36.7,perte_poids
38,34.46,45.7,perte_poids
39,21.85,28.7,perte_poids
55,29.17,42.8,maintien
54,31.85,43.4,maintien
59,26.42,28.9,maintien
59,30.3,40.6,perte_poids
28,32.12,30.4,perte_poids
26,23.49,19.9,maintien
34,21.77,23.1,maintien
46,28.69,28.4,maintien
45,35.57,39.2,perte_poids
55,27.33,38.4,perte_poids
54,31.12,42.0,maintien
59,40.96,38.9,perte_poids
36,32.93,46.0,perte_poids
44,35.78,32.4,perte_poids
19,26.24,33.8,perte_poids
19,24.32,26.1,maintien
52,27.09,25.6,maintien
23,30.34,41.7,perte_poids
20,34.5,41.6,perte_poids
46,27.95,42.2,perte_poids
19,22.98,24.5,maintien
28,28.02,24.5,maintien
57,23.52,21.2,maintien
34,25.54,40.3,maintien
27,26.46,46.6,maintien
39,45.11,51.5,perte_poids
49,24.47,37.0,maintien
49,32.02,44.1,perte_poids
18,40.73,39.9,perte_poids
18,16.36,29.2,prise_masse
23,27.93,25.0,maintien
56,38.03,35.0,perte_poids
22,23.09,31.4,maintien
35,24.56,20.2,maintien
18,20.9,30.4,maintien
28,31.56,34.3,perte_poids
24,27.74,37.7,perte_poids
59,25.86,44.9,maintien
36,31.76,39.3,perte_poids
59,23.17,18.3,maintien
49,44.49,37.9,perte_poids
54,29.61,42.2,maintien
43,25.68,22.8,maintien
58,41.1,44.8,perte_poids
26,37.81,40.7,perte_poids
56,27.18,26.7,maintien
45,46.02,44.4,perte_poids
19,22.14,37.9,maintien
18,26.25,33.9,maintien
23,22.72,31.1,maintien
27,23.65,31.4,maintien
43,29.33,38.8,perte_poids
18,23.5,29.1,maintien
30,30.07,39.7,perte_poids
31,26.61,36.0,perte_poids
27,45.75,40.6,perte_poids
23,42.36,49.4,perte_poids
22,24.81,36.4,maintien
51,28.67,29.9,perte_poids
50,22.99,35.4,maintien
48,34.52,47.7,perte_poids
33,24.89,26.3,maintien
18,44.31,43.2,perte_poids
58,32.9,48.3,perte_poids
39,24.18,22.4,maintien
31,39.52,46.9,perte_poids
43,43.73,35.9,perte_poids
35,33.31,42.6,perte_poids
27,27.78,33.0,perte_poids
48,32.82,46.8,perte_poids
40,23.43,27.3,maintien
18,26.07,40.5,maintien
22,18.54,20.2,maintien
48,23.72,25.5,maintien
44,26.45,26.1,perte_poids
33,19.97,12.5,prise_masse
50,31.41,41.4,perte_poids
55,33.34,32.4,perte_poids
29,19.17,31.8,maintien
57,37.28,41.8,perte_poids
44,46.23,38.2,perte_poids
37,31.58,31.0,perte_poids
24,29.72,31.7,perte_poids
57,34.64,43.5,perte_poids
54,28.46,26.8,maintien
19,19.86,39.7,maintien
58,27.53,25.8,maintien
36,30.89,30.5,perte_poids
44,31.71,32.7,perte_poids
38,33.19,48.7,perte_poids
19,27.44,44.4,perte_poids
22,20.24,13.3,prise_masse
25,25.3,30.6,perte_poids
52,34.51,46.8,perte_poids
30,21.72,37.1,maintien
32,18.97,28.0,prise_masse
48,26.44,41.4,perte_poids
33,33.12,37.2,perte_poids
25,25.15,15.6,maintien
36,29.43,23.8,perte_poids
57,25.47,25.6,maintien
39,31.05,37.7,perte_poids
23,19.53,16.8,maintien
32,40.96,37.9,perte_poids
37,23.14,18.6,maintien
28,33.38,40.6,perte_poids
49,37.28,45.0,perte_poids
46,36.25,31.7,perte_poids
26,27.27,43.0,perte_poids
32,30.23,26.0,perte_poids
53,24.64,30.9,maintien
28,31.83,46.6,maintien
30,32.58,28.6,perte_poids
20,30.99,40.6,perte_poids
46,24.99,36.1,perte_poids
19,26.96,36.6,perte_poids
26,42.59,45.4,perte_poids
31,30.9,23.0,maintien
18,21.56,33.4,maintien
37,38.74,48.3,perte_poids
42,29.4,37.0,perte_poids
55,22.96,26.6,maintien
58,17.12,23.5,prise_masse
37,22.64,36.0,maintien
31,33.11,45.3,perte_poids
29,30.18,28.8,maintien
38,26.44,35.3,perte_poids
45,28.88,35.4,perte_poids
41,35.28,47.0,perte_poids
52,19.21,30.6,prise_masse
34,45.35,38.1,perte_poids
53,26.33,50.3,perte_poids
49,32.6,41.4,perte_poids
43,25.34,37.4,maintien
58,44.56,47.7,perte_poids
19,24.67,35.9,maintien
19,29.48,29.6,perte_poids
59,29.63,26.0,perte_poids
22,26.1,26.1,maintien
34,29.63,39.2,perte_poids
36,30.18,37.2,maintien
55,30.41,37.5,perte_poids
19,24.58,31.1,maintien
56,24.32,45.7,maintien
19,23.83,26.3,maintien
41,36.76,30.5,perte_poids
24,35.83,39.6,maintien
45,33.25,45.4,perte_poids
27,25.17,36.3,maintien
48,33.65,30.8,perte_poids
30,19.62,33.4,maintien
52,27.85,29.6,maintien
19,20.16,31.3,prise_masse
33,30.42,30.1,perte_poids
42,28.09,32.4,perte_poids
45,24.14,24.9,maintien
42,31.78,30.8,perte_poids
24,24.42,23.7,maintien
47,37.39,48.1,perte_poids
49,32.68,31.2,perte_poids
48,23.88,37.8,maintien
38,25.7,30.3,maintien
22,22.18,15.1,prise_masse
59,37.36,32.9,maintien
35,32.93,30.8,perte_poids
24,18.93,16.4,maintien
38,22.76,34.1,perte_poids
57,41.03,49.7,perte_poids
18,26.6,29.1,perte_poids
40,32.69,43.3,perte_poids
41,21.69,22.9,maintien
38,31.54,36.9,perte_poids
38,25.03,25.8,maintien
29,35.72,45.1,perte_poids
25,35.28,43.8,perte_poids
58,24.16,29.2,maintien
38,29.2,44.2,maintien
47,38.5,40.9,maintien
33,25.61,39.7,perte_poids
35,22.15,32.2,maintien
22,30.9,30.2,maintien
43,22.16,31.7,maintien
23,18.39,32.3,maintien
59,20.51,35.0,maintien
43,27.11,40.8,perte_poids
56,26.84,35.6,perte_poids
22,33.88,31.9,maintien
30,44.64,34.9,perte_poids
18,19.45,32.3,maintien
56,35.63,25.9,perte_poids
46,29.41,41.7,perte_poids
44,26.59,36.6,maintien
45,27.32,37.5,maintien
51,25.62,29.8,maintien
57,27.18,31.0,perte_poids
46,21.85,28.7,maintien
19,31.26,36.4,maintien
59,24.9,40.9,perte_poids
19,16.66,14.5,prise_masse
24,27.56,31.2,perte_poids
43,35.68,33.2,perte_poids
55,26.16,21.0,maintien
42,33.05,31.4,maintien
32,30.8,31.2,perte_poids
26,31.96,42.3,maintien
55,26.63,22.9,maintien
24,31.96,45.0,perte_poids
19,26.6,31.4,perte_poids
40,32.89,26.5,perte_poids
27,21.02,23.7,maintien
45,30.88,24.1,maintien
22,31.2,28.1,maintien
41,32.43,40.9,maintien
46,27.6,28.1,perte_poids
18,17.54,22.7,maintien
36,27.8,24.1,perte_poids
32,28.98,41.7,maintien
46,21.17,19.5,maintien
33,35.84,40.4,perte_poids
33,37.25,44.9,perte_poids
53,19.61,32.6,maintien
51,32.89,36.5,perte_poids
21,45.34,36.9,perte_poids
18,23.81,17.3,prise_masse
48,32.32,43.3,perte_poids
55,24.18,28.0,maintien
59,24.57,28.3,maintien
41,37.28,43.4,perte_poids
40,27.19,38.4,perte_poids
50,38.49,38.6,perte_poids
50,34.22,48.2,perte_poids
46,27.68,25.5,maintien
56,38.39,42.1,perte_poids
59,32.39,28.2,maintien
18,21.95,22.6,maintien
58,37.75,42.3,perte_poids
29,31.73,38.9,perte_poids
37,21.75,14.1,maintien
54,40.77,48.0,perte_poids
41,28.84,41.1,maintien
25,35.52,45.7,perte_poids
59,20.52,20.4,prise_masse
31,20.81,16.9,prise_masse
28,33.48,29.1,perte_poids
29,38.73,41.0,perte_poids
34,26.02,14.1,maintien
43,32.96,37.5,perte_poids
58,21.16,36.9,maintien
48,31.18,30.7,maintien
26,21.25,15.8,maintien
57,19.91,32.4,prise_masse
48,29.44,30.7,maintien
44,27.47,26.7,perte_poids
55,28.95,26.9,perte_poids
32,20.79,29.3,maintien
18,17.61,31.6,prise_masse
35,25.11,29.7,maintien
18,27.44,49.1,maintien
58,29.13,26.0,maintien
44,19.59,31.0,maintien
45,27.34,39.1,perte_poids
26,28.86,30.9,maintien
40,24.28,21.4,maintien
19,25.99,19.4,maintien
20,24.23,17.9,maintien
49,24.03,31.3,maintien
23,22.1,34.7,maintien
23,26.46,25.7,perte_poids
50,25.44,32.3,perte_poids
34,41.13,46.3,perte_poids
36,63.43,54.4,perte_poids
53,33.05,42.5,maintien
44,24.29,38.1,perte_poids
45,25.3,29.3,maintien
46,29.48,42.9,perte_poids
27,25.06,15.6,perte_poids
26,24.39,22.3,maintien
37,27.33,30.9,perte_poids
47,25.03,25.4,perte_poids
28,31.01,27.8,perte_poids
50,33.06,42.9,perte_poids
31,32.81,45.5,maintien
18,35.7,38.6,maintien
51,28.89,43.0,perte_poids
37,28.44,37.7,prise_masse
21,36.92,36.6,perte_poids
39,28.87,25.7,perte_poids
20,32.64,41.2,maintien
57,26.3,30.3,maintien
50,35.16,42.8,perte_poids
58,16.83,15.3,maintien
53,22.1,41.3,perte_poids
51,21.53,33.9,perte_poids
48,44.9,50.3,perte_poids
23,43.36,52.1,perte_poids
59,24.72,30.7,maintien
41,40.15,45.3,perte_poids
25,29.45,42.2,perte_poids
39,21.29,18.0,maintien
56,34.7,38.3,perte_poids
21,29.41,41.5,perte_poids
28,27.22,41.4,maintien
28,18.97,25.2,prise_masse
54,35.25,44.8,perte_poids
19,26.58,33.9,maintien
19,43.68,44.9,perte_poids
34,36.45,37.0,maintien
19,37.3,37.6,perte_poids
23,25.06,37.9,maintien
23,25.11,34.1,maintien
47,19.24,25.5,maintien
44,28.11,39.7,perte_poids
22,19.79,27.9,maintien
25,23.79,21.6,prise_masse
52,37.08,42.3,perte_poids
50,25.89,24.8,maintien
35,24.2,33.9,maintien
22,26.86,30.4,perte_poids
46,25.89,27.1,maintien
32,28.67,24.7,perte_poids
21,38.22,43.1,perte_poids
29,22.61,22.8,maintien
23,30.69,41.8,perte_poids
58,28.1,42.5,perte_poids
48,27.79,39.7,perte_poids
38,40.62,51.4,perte_poids
24,26.43,27.6,maintien
39,26.89,40.8,perte_poids
26,24.16,12.1,maintien
24,29.07,42.3,maintien
58,34.47,47.3,perte_poids
18,17.68,12.2,maintien
41,21.4,33.3,maintien
43,33.16,38.7,perte_poids
36,24.03,22.4,maintien
42,31.02,41.8,perte_poids
18,24.14,29.6,maintien
41,36.86,40.3,perte_poids
56,20.78,36.0,maintien
34,29.55,35.4,maintien
56,32.5,48.2,perte_poids
40,27.44,28.2,perte_poids
45,29.26,41.7,perte_poids
19,26.46,29.5,perte_poids
25,29.23,35.9,maintien
54,23.59,35.0,perte_poids
43,41.77,34.6,perte_poids
55,29.38,40.4,perte_poids
21,20.43,22.8,prise_masse
47,24.52,28.1,maintien
39,31.01,27.6,maintien
31,21.61,28.8,maintien
25,31.88,41.4,perte_poids
50,22.34,34.4,perte_poids
39,36.15,44.8,perte_poids
56,36.09,42.9,perte_poids
42,25.03,34.9,perte_poids
41,30.82,31.0,perte_poids
44,49.14,50.5,perte_poids
56,26.28,15.9,maintien
59,18.17,13.2,prise_masse
28,24.32,42.5,maintien
20,25.28,19.8,maintien
44,26.36,40.1,maintien
21,34.43,36.4,perte_poids
28,34.22,45.4,perte_poids
47,28.97,23.8,perte_poids
51,28.6,43.3,perte_poids
27,29.41,29.5,maintien
18,25.37,30.8,perte_poids
33,26.32,36.2,perte_poids
40,33.85,29.6,perte_poids
22,22.31,19.4,prise_masse
43,24.01,37.4,maintien
33,25.23,38.3,maintien
37,25.01,31.0,maintien
24,24.78,35.8,maintien
42,25.89,31.8,perte_poids
55,31.02,26.0,perte_poids
38,21.15,16.3,prise_masse
38,39.87,34.8,perte_poids
39,28.29,31.7,maintien
47,33.55,32.1,perte_poids
19,35.01,36.2,perte_poids
56,32.27,40.3,maintien
52,30.58,31.3,perte_poids
28,18.7,20.4,maintien
34,28.0,20.7,perte_poids
57,22.52,30.3,maintien
19,22.48,19.7,maintien
18,22.02,21.9,maintien
25,32.15,36.7,perte_poids
25,38.49,47.4,perte_poids
29,23.73,19.1,prise_masse
48,27.94,25.0,perte_poids
51,28.03,38.9,perte_poids
51,23.85,41.1,perte_poids
35,28.51,27.7,maintien
53,30.18,42.4,perte_poids
22,28.24,39.9,perte_poids
51,26.97,37.1,maintien
58,31.29,33.3,perte_poids
48,29.04,34.5,perte_poids
56,27.88,36.4,maintien
29,34.87,32.1,perte_poids
53,40.59,45.8,perte_poids
57,26.35,40.9,maintien
41,25.23,22.2,maintien
42,29.9,40.6,perte_poids
46,23.42,33.1,maintien
29,26.89,25.8,maintien
23,30.32,39.7,perte_poids
54,27.75,41.3,perte_poids
23,31.7,20.6,maintien
36,31.2,40.3,maintien
44,26.38,39.1,maintien
19,29.67,32.8,perte_poids
26,19.63,27.2,prise_masse
29,35.87,42.9,perte_poids
36,21.03,35.9,maintien
50,31.9,33.9,perte_poids
22,28.93,31.9,maintien
21,32.88,30.7,perte_poids
42,23.88,22.7,maintien
22,32.51,41.9,perte_poids
41,29.63,40.2,perte_poids
53,18.57,19.7,prise_masse
42,20.66,31.0,maintien
43,22.23,24.4,maintien
18,19.91,29.7,maintien
51,28.15,38.2,perte_poids
19,21.91,13.0,maintien
20,18.37,14.8,prise_masse
44,22.98,41.5,maintien
46,26.6,28.0,perte_poids
44,28.52,38.7,perte_poids
47,29.85,30.2,maintien
23,27.5,28.0,maintien
56,27.44,41.7,perte_poids
53,31.65,28.2,perte_poids
34,28.53,24.4,perte_poids
45,31.8,37.9,perte_poids
30,27.72,21.1,maintien
30,44.88,36.8,perte_poids
18,31.93,30.6,maintien
54,26.17,24.7,maintien
50,29.54,41.0,perte_poids
26,23.9,27.3,maintien
59,31.84,43.7,perte_poids
50,26.35,29.5,maintien
18,20.14,20.4,prise_masse
54,27.49,28.0,maintien
22,20.55,18.4,maintien
59,21.91,34.0,maintien
38,32.81,34.0,perte_poids
52,25.0,28.0,prise_masse
47,27.46,45.2,perte_poids
49,37.67,40.0,perte_poids
19,24.14,28.6,maintien
57,26.02,45.6,maintien
43,27.38,27.5,maintien
26,19.69,19.5,maintien
51,24.01,19.4,maintien
32,27.89,28.0,maintien
51,25.09,23.4,maintien
19,34.47,43.0,perte_poids
23,25.03,24.8,maintien
37,28.4,43.0,perte_poids
18,15.58,14.0,prise_masse
51,24.72,24.6,maintien
27,36.81,33.8,maintien
28,27.14,39.0,maintien
48,28.52,39.5,perte_poids
23,28.67,29.1,perte_poids
25,24.77,30.9,maintien
38,31.11,23.9,perte_poids
34,45.45,48.5,perte_poids
19,25.8,41.9,perte_poids
59,33.1,38.5,maintien
24,17.24,29.6,perte_poids
45,39.37,33.1,perte_poids
45,32.72,42.7,perte_poids
48,31.04,38.2,maintien
44,29.02,24.0,maintien
52,23.31,38.5,maintien
40,24.44,36.7,perte_poids
27,40.41,38.1,perte_poids
28,31.03,26.5,maintien
24,42.29,46.4,perte_poids
32,27.7,27.7,perte_poids
51,20.4,36.5,prise_masse
47,38.21,45.8,perte_poids
20,36.75,46.4,perte_poids
18,33.0,41.4,perte_poids
26,21.8,22.3,maintien
57,23.28,37.8,maintien
56,22.77,26.0,maintien
32,21.09,27.6,prise_masse
31,29.37,30.0,perte_poids
21,26.47,27.1,perte_poids
53,23.92,35.7,maintien
38,25.56,35.3,maintien
50,27.05,29.4,maintien
47,48.99,47.0,perte_poids
57,35.2,33.3,perte_poids
25,27.42,21.2,maintien
56,26.79,38.3,perte_poids
19,32.94,33.8,perte_poids
54,42.83,37.7,perte_poids
18,23.17,33.7,maintien
45,22.83,19.4,maintien
24,24.06,27.3,maintien
18,20.31,29.6,maintien
22,37.96,48.4,maintien
49,20.2,20.5,maintien
26,21.9,38.3,maintien
57,21.69,27.6,maintien
48,32.16,27.1,perte_poids
28,21.35,24.8,maintien
43,27.29,23.5,maintien
42,39.19,45.5,perte_poids
49,31.56,42.4,maintien
52,29.5,28.3,maintien
32,24.21,41.0,maintien
36,17.87,26.6,prise_masse
56,28.84,27.8,perte_poids
31,29.61,30.8,perte_poids
59,26.1,30.1,prise_masse
24,23.35,40.3,prise_masse
57,25.37,23.1,maintien
20,22.6,35.2,perte_poids
55,22.39,35.2,maintien
47,27.45,25.5,maintien
46,31.19,40.1,perte_poids
20,24.35,29.9,maintien
27,19.95,27.1,maintien
49,24.76,22.4,perte_poids
52,21.5,19.7,maintien
45,24.77,31.7,maintien
34,38.09,48.2,perte_poids
19,45.3,40.3,perte_poids
52,33.08,29.8,maintien
20,20.36,13.9,maintien
54,33.24,38.0,maintien
22,18.99,15.8,prise_masse
20,39.01,46.7,perte_poids
58,26.2,31.9,maintien
42,37.78,32.0,perte_poids
23,43.16,44.3,perte_poids
47,37.64,44.7,perte_poids
54,27.15,37.7,perte_poids
35,36.0,46.1,perte_poids
52,27.48,42.4,perte_poids
28,22.2,30.8,maintien
32,44.99,31.9,perte_poids
48,36.58,40.2,perte_poids
34,31.12,27.6,perte_poids
27,23.48,17.3,maintien
54,29.49,24.2,prise_masse
55,30.42,29.3,maintien
23,17.7,24.8,prise_masse
57,29.07,29.6,perte_poids
58,23.69,32.3,maintien
35,33.21,39.1,perte_poids
39,33.36,26.9,perte_poids
45,39.97,36.2,perte_poids
55,32.17,42.3,perte_poids
54,22.76,22.1,maintien
39,32.94,37.2,perte_poids
34,59.1,52.5,perte_poids
29,19.71,24.2,maintien
52,26.11,30.7,perte_poids
56,26.79,40.3,perte_poids
41,42.17,46.1,perte_poids
40,26.26,37.0,perte_poids
59,23.45,36.6,maintien
31,31.21,24.7,maintien
18,24.47,13.1,maintien
40,39.26,31.5,perte_poids
58,21.77,36.3,maintien
18,23.17,17.3,maintien
42,27.93,41.2,perte_poids
18,18.25,33.7,prise_masse
58,28.87,42.3,maintien
42,32.59,31.6,perte_poids
47,31.07,45.3,perte_poids
32,28.43,36.4,perte_poids
25,26.82,19.4,maintien
29,25.46,28.4,perte_poids
31,26.46,39.5,perte_poids
49,38.27,33.3,perte_poids
54,33.36,46.3,perte_poids
49,35.79,31.1,perte_poids
46,26.18,28.5,maintien
19,26.96,22.2,perte_poids
32,26.85,36.8,maintien
29,20.94,15.1,prise_masse
53,30.85,33.8,maintien
54,27.15,26.8,maintien
19,18.69,25.4,perte_poids
46,30.24,27.2,perte_poids
34,23.99,37.7,maintien
26,33.28,38.6,perte_poids
42,23.38,38.7,maintien
20,29.35,36.9,perte_poids
49,30.22,27.7,maintien
42,36.35,44.3,maintien
29,37.09,36.7,perte_poids
54,20.38,17.9,prise_masse
19,17.23,15.9,prise_masse
20,17.49,30.6,prise_masse
48,29.08,46.6,perte_poids
39,26.15,37.7,perte_poids
31,41.67,42.6,perte_poids
50,25.94,25.6,maintien
53,34.72,36.1,perte_poids
52,21.5,36.1,maintien
29,21.99,21.3,prise_masse
59,30.98,51.4,maintien
28,30.3,40.7,perte_poids
32,27.03,23.9,prise_masse
42,38.95,42.3,perte_poids
18,31.29,25.5,maintien
23,21.11,27.8,maintien
44,44.59,47.5,perte_poids
36,28.6,29.8,perte_poids
42,23.48,35.5,maintien
33,22.24,42.2,perte_poids
47,38.77,35.1,perte_poids
47,21.84,37.6,maintien
35,34.81,47.2,perte_poids
24,19.76,23.6,maintien
50,26.78,34.2,maintien
53,32.3,43.8,perte_poids
38,28.77,28.4,maintien
24,22.65,30.3,maintien
26,19.91,17.6,prise_masse
42,26.38,40.6,perte_poids
47,28.2,31.2,perte_poids
18,20.97,23.3,maintien
56,32.41,32.4,perte_poids
29,25.72,26.8,perte_poids
21,31.42,38.4,perte_poids
19,23.8,16.4,maintien
57,41.69,48.7,perte_poids
39,22.03,33.6,maintien
53,31.51,40.6,perte_poids
22,23.1,16.3,prise_masse
24,20.25,20.1,prise_masse
50,42.39,41.2,perte_poids
37,24.55,36.7,maintien
41,28.5,23.7,perte_poids
24,17.2,17.6,prise_masse
18,25.19,41.0,maintien
33,22.6,34.4,prise_masse
21,38.24,44.3,perte_poids
45,40.15,44.9,perte_poids
48,23.99,36.0,maintien
51,34.64,44.2,perte_poids
46,24.89,33.4,maintien
44,29.5,32.1,perte_poids
28,24.07,38.5,perte_poids
36,37.3,41.4,perte_poids
43,27.33,26.4,maintien
58,28.03,31.5,perte_poids
38,27.05,27.0,maintien
29,33.97,29.2,perte_poids
53,36.5,31.3,perte_poids
18,38.92,42.8,perte_poids
23,27.86,22.8,maintien
58,45.68,45.8,perte_poids
39,24.09,41.9,perte_poids
56,31.11,29.3,perte_poids
47,26.66,19.4,perte_poids
40,29.51,30.9,maintien
27,40.86,46.7,perte_poids
30,24.63,27.7,perte_poids
39,47.87,41.5,perte_poids
35,28.69,31.0,perte_poids
25,42.47,52.3,perte_poids
30,24.63,18.5,maintien
36,25.18,42.7,maintien
34,20.95,37.1,prise_masse
51,25.14,27.3,maintien
36,20.61,23.0,maintien
53,28.12,27.6,perte_poids
36,28.64,28.1,perte_poids
26,24.02,31.5,maintien
23,21.48,23.3,maintien
32,35.7,31.9,maintien
41,36.19,30.8,perte_poids
37,33.23,31.1,perte_poids
59,22.22,25.2,maintien
40,28.3,43.7,perte_poids
58,25.97,22.4,maintien
44,26.63,23.0,perte_poids
51,39.98,39.2,prise_masse
49,41.1,46.9,perte_poids
28,30.18,27.0,maintien
24,25.04,21.2,maintien
58,22.52,37.1,perte_poids
24,19.82,33.0,maintien
20,21.5,26.5,maintien
55,16.66,21.6,prise_masse
37,24.52,34.2,maintien
32,26.13,26.3,maintien
30,29.68,33.4,perte_poids
18,30.86,40.1,maintien
30,19.13,29.1,maintien
33,32.54,43.5,perte_poids
58,33.24,28.0,perte_poids
29,26.16,24.5,maintien
18,19.95,35.6,prise_masse
39,22.98,24.2,maintien
18,36.19,36.5,perte_poids
25,22.81,21.2,maintien
40,39.69,37.1,perte_poids
59,35.61,49.5,perte_poids
40,27.47,24.2,perte_poids
40,28.41,25.7,perte_poids
52,29.2,45.9,perte_poids
36,25.71,32.9,maintien
50,43.34,45.7,perte_poids
38,19.49,25.5,maintien
33,32.42,38.5,perte_poids
53,28.19,39.8,maintien
41,35.76,27.7,perte_poids
19,26.12,33.5,maintien
34,20.47,34.2,maintien
20,31.27,28.5,perte_poids
27,34.08,35.7,perte_poids
33,47.88,32.7,perte_poids
37,43.25,44.2,perte_poids
53,37.57,46.8,perte_poids
23,33.08,38.3,perte_poids
47,41.02,33.9,perte_poids
48,37.15,36.2,perte_poids
27,20.93,21.5,prise_masse
52,35.16,46.2,perte_poids
56,26.02,39.7,perte_poids
54,34.9,30.8,perte_poids
53,30.63,26.3,maintien
39,27.77,36.6,perte_poids
21,24.43,21.5,maintien
19,20.9,25.7,maintien
18,19.47,15.9,prise_masse
29,27.48,31.3,perte_poids
38,32.5,43.9,perte_poids
55,23.57,25.1,maintien
44,20.6,25.1,prise_masse
56,49.05,50.2,perte_poids
35,37.55,32.2,perte_poids
38,19.88,29.4,maintien
22,27.82,35.7,perte_poids
51,34.66,45.7,perte_poids
56,30.9,23.6,perte_poids
28,22.65,30.3,perte_poids
42,23.75,39.8,maintien
55,25.71,37.0,perte_poids
56,49.83,48.5,perte_poids
24,30.04,29.7,perte_poids
20,21.59,16.0,maintien
41,27.06,29.6,maintien
42,29.75,28.0,maintien
48,39.42,42.0,perte_poids
56,30.7,26.5,maintien
21,25.51,20.6,prise_masse
33,26.17,30.9,maintien
51,24.21,27.7,maintien
35,35.86,37.7,perte_poids
25,26.07,36.4,perte_poids
57,30.7,28.4,perte_poids
27,37.23,33.1,maintien
59,22.41,22.2,maintien
59,23.16,24.9,prise_masse
32,30.4,42.0,maintien
59,22.13,38.8,maintien
39,37.1,45.6,perte_poids
33,56.47,40.1,perte_poids
36,33.75,45.0,perte_poids
55,29.85,32.0,perte_poids
24,39.09,46.8,perte_poids
33,24.9,27.7,maintien
52,30.6,32.2,maintien
21,19.34,34.9,maintien
38,26.88,24.4,perte_poids
49,21.77,35.7,maintien
30,24.68,33.8,maintien
34,33.55,41.9,perte_poids
30,30.06,25.9,maintien
28,27.99,25.0,maintien
38,30.36,46.0,perte_poids
33,25.71,30.5,maintien
20,20.04,16.5,maintien
30,23.94,15.3,maintien
26,28.59,38.3,maintien
27,23.08,25.7,prise_masse
27,26.79,23.8,maintien
46,26.25,30.0,perte_poids
26,25.04,35.9,perte_poids
55,25.79,27.9,maintien
57,32.88,47.3,perte_poids
50,26.48,22.9,maintien
28,22.76,34.2,maintien
53,17.29,24.9,prise_masse
58,28.11,45.3,perte_poids
26,32.72,43.2,perte_poids
33,22.61,25.6,maintien
30,16.48,30.4,prise_masse
34,33.66,43.7,perte_poids
52,26.81,32.5,perte_poids
53,33.63,31.9,perte_poids
26,22.29,33.6,maintien
20,29.45,27.6,maintien
51,18.2,15.4,prise_masse
24,32.1,32.7,perte_poids
42,33.01,29.2,maintien
59,24.7,34.2,maintien
18,36.51,39.0,perte_poids
52,48.99,49.8,perte_poids
35,36.33,49.1,perte_poids
30,23.18,39.2,maintien
44,29.21,40.0,perte_poids
53,42.28,38.7,perte_poids
19,21.51,17.2,maintien
22,39.6,46.8,perte_poids
38,32.47,29.1,perte_poids
56,28.79,30.2,maintien
20,18.84,30.7,prise_masse
49,31.88,27.8,maintien
51,30.74,30.2,perte_poids
43,27.89,29.2,maintien
23,30.34,42.9,perte_poids
44,35.02,45.0,perte_poids
45,21.42,29.9,maintien
19,28.91,23.8,maintien
19,26.04,27.3,maintien
53,28.58,48.6,perte_poids
39,22.32,30.0,maintien
47,22.75,29.8,maintien
29,23.19,20.9,maintien
44,32.54,40.9,maintien
19,21.15,35.1,maintien
37,23.53,38.8,maintien
58,27.97,31.5,maintien
30,34.72,27.5,maintien
52,34.4,31.5,perte_poids
45,33.67,43.5,perte_poids
55,24.32,27.8,maintien
40,27.97,40.2,maintien
54,22.79,18.5,prise_masse
18,23.3,35.3,maintien
26,21.93,33.7,maintien
58,37.08,50.5,perte_poids
41,40.12,35.7,perte_poids
55,38.85,42.6,perte_poids
19,21.47,21.2,maintien
27,25.14,31.6,maintien
19,28.64,38.4,perte_poids
46,35.25,29.8,perte_poids
44,32.78,45.6,perte_poids
28,32.7,34.0,perte_poids
56,22.19,19.5,prise_masse
30,23.93,19.1,maintien
47,29.85,30.8,perte_poids
53,52.44,47.3,perte_poids
26,25.14,13.1,maintien
49,29.73,36.4,maintien
27,31.02,34.4,perte_poids
32,34.99,39.3,perte_poids
35,29.37,41.0,perte_poids
45,25.18,20.7,perte_poids
39,25.68,23.5,maintien
45,27.22,30.4,maintien
41,28.19,26.7,maintien
57,31.62,42.9,perte_poids
57,21.7,22.6,maintien
26,40.99,44.1,perte_poids
57,24.53,22.9,maintien
45,30.55,44.5,perte_poids
19,25.73,26.6,maintien
43,26.67,22.1,maintien
36,29.51,34.6,maintien
39,20.88,26.6,prise_masse
48,31.29,30.0,maintien
48,28.68,40.6,maintien
27,28.28,40.8,maintien
59,27.83,28.5,perte_poids
26,36.84,45.8,perte_poids
51,32.93,42.4,perte_poids
18,20.5,27.6,maintien
27,35.93,30.1,perte_poids
32,33.07,28.4,maintien
37,25.47,34.2,maintien
32,36.24,42.7,perte_poids
27,24.39,36.1,maintien
48,20.68,31.7,maintien
58,18.44,30.6,perte_poids
37,33.67,46.0,perte_poids
57,28.3,45.4,perte_poids
18,23.11,21.2,maintien
31,29.49,39.2,perte_poids
29,35.7,49.8,perte_poids
33,21.52,31.1,maintien
49,22.09,29.5,maintien
41,34.17,44.5,perte_poids
38,26.71,23.1,maintien
36,26.73,31.3,perte_poids
54,26.2,23.4,maintien
31,26.53,17.9,maintien
47,24.23,24.8,maintien
19,23.58,33.8,maintien
23,19.63,34.3,maintien
55,40.85,32.1,perte_poids
32,27.2,34.1,maintien
46,19.96,28.9,prise_masse
54,25.76,27.2,maintien
47,30.47,43.3,perte_poids
32,39.27,43.5,perte_poids
38,38.07,40.8,perte_poids
51,24.93,21.0,perte_poids
32,33.37,31.9,perte_poids
19,21.7,17.7,maintien
45,27.01,33.3,maintien
48,26.48,25.1,perte_poids
58,21.9,24.2,prise_masse
51,30.38,29.3,maintien
52,26.12,28.6,maintien
47,29.64,43.4,perte_poids
38,26.49,26.1,maintien
35,34.74,44.9,perte_poids
55,39.82,36.4,perte_poids
38,28.13,31.8,perte_poids
46,22.73,18.0,maintien
28,25.38,33.5,maintien
57,21.67,24.4,maintien
53,21.08,21.2,maintien
20,33.46,31.0,perte_poids
19,34.96,32.0,perte_poids
33,23.51,36.1,perte_poids
53,28.28,38.1,perte_poids
45,21.84,24.9,maintien
24,26.64,18.8,maintien
54,35.63,48.1,perte_poids
20,21.63,29.0,maintien
47,39.11,45.6,perte_poids
20,21.87,34.1,maintien
44,20.23,33.5,maintien
23,31.24,41.5,perte_poids
28,22.05,17.3,maintien
30,23.45,26.2,maintien
54,33.56,37.8,perte_poids
41,36.47,33.6,perte_poids
19,31.09,32.7,perte_poids
50,24.4,35.0,maintien
47,23.6,29.1,maintien
49,25.44,40.3,maintien
56,24.83,35.7,perte_poids
55,26.5,27.8,maintien
46,32.36,28.9,perte_poids
41,32.03,31.7,perte_poids
42,29.39,26.6,perte_poids
50,29.13,26.3,perte_poids
44,22.77,36.1,maintien
24,18.7,28.0,maintien
56,30.05,45.6,perte_poids
41,25.26,24.7,maintien
26,25.64,23.1,maintien
21,26.59,33.4,perte_poids
56,24.08,27.1,maintien
19,24.52,30.2,maintien
56,19.67,31.4,maintien
36,18.05,20.8,prise_masse
40,33.65,43.7,perte_poids
23,25.71,37.3,perte_poids
28,25.01,18.5,maintien
30,18.34,18.5,maintien
41,45.8,49.6,perte_poids
19,20.44,25.8,maintien
32,20.23,30.6,maintien
33,22.33,29.2,perte_poids
18,36.47,44.3,perte_poids
51,26.03,23.5,maintien
41,33.75,35.8,maintien
49,24.49,38.0,perte_poids
40,38.95,48.1,perte_poids
24,42.31,23.5,maintien
32,46.5,44.6,perte_poids
46,27.86,25.5,maintien
27,31.95,39.7,perte_poids
45,33.24,44.5,perte_poids
49,27.55,38.1,perte_poids
47,50.81,47.3,perte_poids
23,39.2,35.9,perte_poids
56,43.24,47.7,perte_poids
29,31.73,36.4,maintien
31,27.85,27.1,maintien
19,35.94,43.6,perte_poids
52,28.72,33.6,perte_poids
55,26.65,42.2,perte_poids
21,31.54,40.3,perte_poids
35,36.38,23.3,maintien
54,36.59,44.1,perte_poids
33,23.96,34.0,maintien
50,30.84,27.5,perte_poids
47,32.07,34.3,perte_poids
29,22.75,28.3,maintien
19,27.74,39.6,perte_poids
39,29.3,41.9,maintien
19,16.3,40.3,prise_masse
30,34.45,28.1,perte_poids
57,23.24,23.3,perte_poids
36,18.81,25.9,prise_masse
36,22.82,33.6,maintien
55,21.13,26.5,maintien
47,26.08,28.1,maintien
50,22.17,33.7,perte_poids
23,59.72,53.5,perte_poids
54,43.44,47.0,perte_poids
55,41.76,50.2,perte_poids
50,33.63,42.7,perte_poids
21,18.95,23.5,maintien
56,28.03,41.7,perte_poids
33,20.3,18.1,maintien
39,24.83,36.1,maintien
46,46.44,47.1,perte_poids
31,26.91,27.1,perte_poids
52,23.37,24.5,maintien
45,24.43,37.9,perte_poids
33,23.84,30.5,perte_poids
18,27.51,23.8,maintien
18,22.32,28.0,maintien
26,31.67,41.9,maintien
42,26.55,41.5,perte_poids
29,30.46,28.8,maintien
18,25.72,25.9,maintien
50,27.4,31.5,perte_poids
49,33.67,48.1,perte_poids
32,25.52,31.8,maintien
44,33.44,49.2,perte_poids
30,21.19,29.1,maintien
23,25.85,21.3,maintien
19,19.45,12.8,maintien
39,36.12,34.8,perte_poids
55,28.23,39.2,perte_poids
58,30.22,33.2,perte_poids
49,30.9,42.6,perte_poids
18,31.39,46.5,perte_poids
54,20.91,32.8,maintien
57,22.09,35.3,perte_poids
58,41.21,41.3,perte_poids
29,34.8,28.1,perte_poids
18,25.49,39.5,maintien
43,19.41,37.0,prise_masse
41,22.14,24.1,maintien
56,25.96,22.0,maintien
32,29.03,26.8,maintien
25,24.52,27.1,maintien
29,24.42,30.5,perte_poids
28,27.68,34.1,perte_poids
32,18.5,24.4,maintien
30,22.42,38.5,maintien
24,21.53,28.8,maintien
57,27.27,35.8,perte_poids
29,26.47,22.3,maintien
32,43.29,37.0,perte_poids
54,25.77,47.3,perte_poids
40,27.29,38.7,perte_poids
44,24.48,41.8,perte_poids
40,41.25,36.8,perte_poids
29,44.23,47.3,perte_poids
58,21.54,33.5,maintien
47,29.91,28.0,maintien
31,25.07,18.0,maintien
57,21.4,19.8,maintien
27,22.24,38.3,maintien
49,23.83,34.4,maintien
22,21.11,16.9,maintien
18,23.7,37.7,maintien
34,33.04,40.3,perte_poids
24,24.42,36.4,maintien
42,26.83,26.8,prise_masse
43,31.47,30.0,maintien
35,31.83,41.3,perte_poids
38,32.75,44.7,perte_poids
55,35.99,48.1,perte_poids
40,24.95,41.4,maintien
49,37.96,42.9,perte_poids
30,20.94,38.4,maintien
34,33.92,39.3,perte_poids
19,23.26,14.3,prise_masse
29,19.93,20.7,maintien
19,21.41,20.1,maintien
46,34.88,41.8,perte_poids
33,30.09,29.2,perte_poids
41,32.53,34.0,perte_poids
29,34.49,32.8,perte_poids
54,24.58,25.8,prise_masse
33,39.5,38.6,perte_poids
35,29.1,46.7,perte_poids
37,23.35,29.3,maintien
19,28.49,40.4,perte_poids
25,44.28,46.8,perte_poids
31,24.76,31.5,maintien
42,48.19,45.3,perte_poids
40,29.86,32.4,maintien
45,23.5,39.9,maintien
24,21.92,25.7,maintien
37,21.71,29.8,maintien
55,22.57,21.6,maintien
46,30.2,43.0,perte_poids
43,35.53,40.4,perte_poids
55,35.1,30.1,perte_poids
55,23.26,43.3,maintien
28,32.16,45.8,perte_poids
18,28.3,41.5,perte_poids
48,37.83,40.3,perte_poids
35,27.41,31.6,perte_poids
39,23.25,44.6,maintien
18,21.43,30.2,maintien
26,22.79,30.4,maintien
52,35.06,36.0,perte_poids
26,36.97,34.2,maintien
44,30.88,41.3,perte_poids
32,24.98,28.0,maintien
35,33.16,30.6,perte_poids
25,28.49,38.8,perte_poids
59,26.61,26.3,maintien
41,35.88,44.8,perte_poids
50,28.77,31.8,perte_poids
18,22.08,36.9,maintien
31,27.37,41.9,perte_poids
52,36.25,40.1,perte_poids
23,27.1,39.6,perte_poids
48,34.55,50.2,perte_poids
29,31.31,28.0,perte_poids
35,25.49,20.3,maintien
47,40.48,47.5,perte_poids
25,36.8,30.3,perte_poids
48,36.86,41.1,perte_poids
31,19.89,32.5,maintien
55,20.16,38.0,maintien
34,35.94,41.4,perte_poids
54,20.09,30.3,maintien
31,22.83,38.6,maintien
36,41.79,42.4,perte_poids
38,25.68,45.2,maintien
18,19.46,15.1,maintien
57,43.69,49.7,perte_poids
21,19.49,13.4,prise_masse
37,30.81,27.5,perte_poids
20,19.33,17.8,prise_masse
42,34.6,38.3,perte_poids
20,16.68,15.9,prise_masse
40,27.66,35.6,perte_poids
38,25.0,38.3,maintien
54,27.5,31.9,perte_poids
41,29.16,17.9,maintien
27,25.41,29.7,maintien
19,20.16,27.7,maintien
18,33.85,46.8,maintien
25,20.73,26.1,maintien
27,19.96,27.4,maintien
28,22.11,17.5,maintien
18,20.15,20.1,maintien
25,27.02,37.9,perte_poids
21,24.47,30.1,maintien
32,25.15,35.8,maintien
19,19.96,20.7,prise_masse
59,37.86,46.1,perte_poids
24,42.97,42.3,perte_poids
36,21.95,14.7,prise_masse
24,27.7,25.0,maintien
27,32.76,41.7,perte_poids
54,18.52,19.0,prise_masse
41,28.0,24.8,maintien
38,29.01,39.6,prise_masse
35,20.39,21.0,maintien
22,35.93,35.1,perte_poids
27,24.27,22.5,maintien
26,20.7,36.1,maintien
21,21.99,16.7,maintien
55,35.06,42.7,perte_poids
24,32.18,30.4,perte_poids
18,26.65,36.9,maintien
25,23.58,32.7,perte_poids
48,24.86,28.0,maintien
46,33.89,42.0,perte_poids
56,28.78,40.7,maintien
32,41.73,45.2,perte_poids
32,40.21,32.3,perte_poids
40,39.75,35.2,perte_poids
32,33.57,32.7,perte_poids
54,31.73,38.1,perte_poids
36,24.32,34.8,maintien
43,29.07,29.9,perte_poids
32,27.95,41.3,perte_poids
48,23.57,22.3,maintien
44,36.1,32.3,perte_poids
39,24.18,34.2,maintien
57,22.05,30.1,maintien
51,18.96,25.5,perte_poids
21,52.76,50.8,perte_poids
38,42.97,49.1,perte_poids
50,28.63,40.4,perte_poids
18,18.07,21.0,maintien
47,28.08,17.8,maintien
19,32.7,37.8,perte_poids
59,27.15,40.9,perte_poids
44,19.35,27.2,maintien
18,24.21,23.4,perte_poids
53,31.34,33.3,perte_poids
53,24.22,25.6,maintien
43,25.91,40.7,maintien
57,35.6,27.6,perte_poids
54,31.5,30.0,perte_poids
55,26.37,21.9,perte_poids
31,15.71,19.5,prise_masse
55,27.77,42.5,perte_poids
23,38.82,38.4,perte_poids
37,42.04,45.5,perte_poids
30,26.34,40.5,perte_poids
35,30.36,30.1,maintien
25,23.88,20.7,maintien
56,30.69,38.7,perte_poids
54,36.07,45.2,perte_poids
18,16.62,14.5,maintien
18,18.77,14.6,maintien
27,20.71,25.2,maintien
43,19.04,24.3,maintien
53,31.59,27.1,perte_poids
59,27.59,40.1,perte_poids
40,42.39,45.4,perte_poids
41,44.33,45.5,perte_poids
57,48.38,42.9,perte_poids
22,33.0,32.0,maintien
41,29.7,30.7,perte_poids
36,30.01,45.1,perte_poids
31,26.27,25.0,perte_poids
21,21.66,17.2,prise_masse
50,18.4,17.8,maintien
42,21.11,22.5,maintien
41,27.18,26.0,perte_poids
28,35.3,32.5,perte_poids
46,52.36,47.2,perte_poids
59,27.42,28.7,maintien
26,30.6,35.3,perte_poids
42,21.48,25.9,maintien
45,38.12,31.3,perte_poids
55,35.43,46.4,perte_poids
40,44.17,45.0,perte_poids
25,35.38,41.7,perte_poids
53,25.5,36.4,maintien
44,34.26,31.8,perte_poids
54,21.62,21.5,maintien
46,22.91,34.7,maintien
55,22.24,43.5,maintien
32,43.46,46.9,perte_poids
39,31.38,37.2,perte_poids
55,38.07,48.6,perte_poids
31,23.45,40.3,maintien
21,19.8,28.9,maintien
39,28.14,27.4,maintien
51,34.01,42.8,perte_poids
29,39.04,44.8,perte_poids
18,27.2,30.2,maintien
48,26.9,28.7,maintien
32,28.61,41.1,perte_poids
56,22.61,23.9,maintien
50,29.82,40.3,perte_poids
47,29.1,40.7,perte_poids
23,21.65,30.0,maintien
58,24.34,25.2,maintien
36,22.35,19.5,maintien
19,20.93,19.9,maintien
20,23.45,16.5,maintien
22,22.01,17.2,prise_masse
39,23.02,28.3,maintien
42,30.26,41.1,perte_poids
18,23.5,38.1,maintien
53,28.77,36.5,maintien
55,22.47,16.0,maintien
38,32.93,29.9,perte_poids
36,26.66,26.5,perte_poids
56,18.87,40.7,maintien
51,19.08,30.7,maintien
33,23.82,25.1,maintien
22,21.59,14.8,prise_masse
37,22.3,18.8,maintien
56,28.9,45.9,perte_poids
24,19.58,20.0,maintien
26,38.96,41.4,perte_poids
48,41.0,40.3,perte_poids
48,21.86,31.4,maintien
18,27.27,40.9,perte_poids
45,35.11,27.7,perte_poids
46,19.74,27.8,maintien
25,37.41,29.7,perte_poids
27,19.6,19.7,prise_masse
59,23.55,39.8,maintien
27,37.59,31.2,perte_poids
48,23.41,23.2,maintien
33,34.94,33.4,perte_poids
52,34.09,36.6,perte_poids
21,32.03,34.4,perte_poids
23,17.93,34.5,prise_masse
35,36.34,36.8,perte_poids
33,35.96,32.2,perte_poids
57,24.37,36.3,maintien
54,31.58,29.4,maintien
31,15.46,15.5,prise_masse
31,18.82,24.8,maintien
59,37.41,47.2,perte_poids
56,42.63,38.3,perte_poids
30,34.13,34.9,perte_poids
37,28.42,32.6,maintien
26,38.26,42.1,perte_poids
38,27.09,38.7,maintien
51,26.74,38.9,maintien
19,20.83,31.5,maintien
18,25.58,23.2,maintien
36,22.86,23.5,maintien
32,23.8,24.0,maintien
45,22.01,34.9,maintien
42,35.12,45.9,perte_poids
46,23.88,27.3,maintien
56,28.21,25.9,perte_poids
44,33.1,26.5,perte_poids
18,23.38,22.2,maintien
29,27.19,38.9,perte_poids
19,26.85,27.1,maintien
39,21.83,17.0,maintien
25,24.53,30.0,maintien
47,19.59,31.8,maintien
45,37.41,42.1,perte_poids
50,29.5,29.8,perte_poids
39,27.23,23.7,maintien
51,25.85,23.8,maintien
20,20.1,30.8,maintien
48,24.19,38.5,maintien
41,26.96,24.8,maintien
53,20.27,35.9,maintien
20,33.09,41.7,perte_poids
29,17.73,21.9,prise_masse
36,25.05,20.1,maintien
59,40.67,39.1,perte_poids
40,26.65,32.9,maintien
31,23.8,20.8,perte_poids
22,26.3,36.3,maintien
53,22.62,35.9,maintien
24,30.85,30.0,maintien
28,23.82,20.4,maintien
57,25.53,43.1,perte_poids
43,30.19,39.6,perte_poids
50,30.74,41.9,perte_poids
40,22.94,41.1,maintien
37,28.36,28.1,maintien
18,20.59,17.8,maintien
29,23.94,28.9,maintien
34,28.34,41.1,maintien
26,31.88,30.3,perte_poids
42,36.76,38.0,perte_poids
53,26.6,37.6,perte_poids
44,37.31,46.4,perte_poids
30,31.8,37.9,perte_poids
28,22.56,32.5,maintien
22,28.86,44.3,perte_poids
49,36.73,41.5,perte_poids
18,25.06,32.7,maintien
24,29.57,37.7,maintien
41,29.09,28.8,perte_poids
33,25.14,17.3,maintien
19,23.6,21.8,maintien
46,35.91,45.6,maintien
52,30.9,34.7,perte_poids
30,37.9,36.9,perte_poids
20,20.75,32.3,maintien
44,25.63,41.7,perte_poids
46,26.97,37.3,maintien
39,31.34,40.8,perte_poids
23,32.99,35.1,maintien
18,29.59,46.0,maintien
45,29.26,26.1,perte_poids
49,32.84,45.3,perte_poids
48,39.57,46.6,perte_poids
50,22.76,35.9,maintien
56,18.09,30.3,maintien
18,27.22,37.2,maintien
34,33.46,48.2,perte_poids
37,18.4,21.7,maintien
42,31.2,25.2,maintien
32,30.58,36.6,perte_poids
59,20.56,38.6,maintien
44,27.62,33.6,perte_poids
29,33.78,30.5,perte_poids
50,31.68,27.2,maintien
26,22.52,17.2,maintien
22,20.85,20.2,maintien
47,27.57,31.7,maintien
28,21.4,23.2,maintien
30,20.91,31.0,maintien
45,25.45,29.0,perte_poids
35,31.14,41.4,perte_poids
35,26.59,25.3,perte_poids
46,24.0,20.1,prise_masse
37,26.48,39.6,maintien
52,19.75,27.5,maintien
45,28.79,30.9,perte_poids
52,31.01,21.2,maintien
26,23.21,25.4,maintien
43,23.49,26.3,maintien
37,28.7,49.5,perte_poids
52,25.01,22.8,maintien
47,40.56,45.5,perte_poids
48,38.49,49.0,perte_poids
53,33.17,35.3,perte_poids
36,28.17,37.6,maintien
41,27.06,46.7,perte_poids
22,32.94,42.9,perte_poids
22,20.04,30.5,maintien
34,25.03,37.9,maintien
52,37.37,46.7,perte_poids
45,24.49,28.8,maintien
18,23.24,25.6,maintien
46,25.74,23.5,maintien
51,33.96,38.1,perte_poids
57,26.59,29.2,perte_poids
54,35.41,28.1,perte_poids
57,35.48,41.9,perte_poids
45,40.64,46.5,perte_poids
19,21.8,29.8,maintien
48,29.03,41.5,perte_poids
34,23.56,25.3,maintien
20,24.14,17.4,maintien
41,29.17,41.2,perte_poids
34,20.17,37.9,maintien
55,27.08,43.3,perte_poids
35,24.06,33.6,maintien
57,42.66,40.5,perte_poids
52,35.52,33.2,perte_poids
29,25.34,38.6,perte_poids
49,24.53,18.0,maintien
41,34.15,29.1,perte_poids
57,30.46,34.2,perte_poids
26,24.3,30.3,maintien
40,25.03,22.6,maintien
20,41.67,43.6,perte_poids
30,24.08,18.5,maintien
23,30.66,40.6,perte_poids
48,26.85,26.1,maintien
29,42.04,47.4,perte_poids
19,31.98,27.5,maintien
41,25.63,15.3,maintien
32,26.81,33.5,maintien
51,41.67,47.0,perte_poids
57,24.79,25.0,maintien
51,29.07,30.3,perte_poids
46,28.73,33.6,maintien
43,20.27,23.3,maintien
43,25.36,35.9,perte_poids
32,28.88,27.0,maintien
18,30.32,31.2,perte_poids
45,26.11,38.3,maintien
35,16.98,26.3,maintien
55,32.81,45.3,perte_poids
39,31.48,41.8,maintien
26,27.99,40.4,perte_poids
55,26.11,40.1,maintien
57,28.54,26.3,maintien
43,34.86,34.0,perte_poids
29,31.53,25.6,perte_poids
19,26.02,24.5,maintien
52,29.13,31.9,maintien
52,18.83,28.9,prise_masse
25,24.37,13.8,maintien
27,30.52,41.1,perte_poids
23,20.53,22.6,perte_poids
21,30.39,33.1,perte_poids
56,35.51,34.4,perte_poids
34,22.37,15.9,maintien
48,28.36,30.9,perte_poids
48,27.84,36.8,perte_poids
46,42.21,34.9,perte_poids
38,27.62,17.9,maintien
46,20.36,13.5,prise_masse
50,29.76,31.0,perte_poids
45,27.23,30.4,perte_poids
40,22.4,29.5,maintien
30,27.15,27.5,perte_poids
53,27.41,29.1,perte_poids
38,26.98,24.8,maintien
41,24.64,35.0,perte_poids
48,24.74,36.0,maintien
46,30.04,42.6,perte_poids
51,25.6,42.9,maintien
40,22.18,22.2,maintien
28,23.65,19.0,maintien
44,23.55,34.6,maintien
18,32.43,42.8,perte_poids
40,35.63,43.1,perte_poids
26,23.11,17.8,maintien
30,21.82,29.6,maintien
58,28.0,37.5,maintien
35,37.23,40.9,perte_poids
53,25.69,31.8,perte_poids
56,27.43,24.5,perte_poids
51,22.57,36.0,maintien
33,32.29,26.2,maintien
27,33.76,39.8,perte_poids
50,38.17,29.5,perte_poids
55,28.1,39.8,maintien
54,24.14,35.3,maintien
46,26.02,40.4,perte_poids
49,25.21,32.9,perte_poids
28,43.34,47.2,perte_poids
46,22.44,15.6,maintien
53,23.58,41.3,maintien
35,34.12,26.8,perte_poids
24,24.78,21.7,maintien
26,28.97,35.4,perte_poids
21,51.96,49.1,perte_poids
29,36.72,31.0,perte_poids
18,30.25,31.0,perte_poids
27,27.18,28.3,perte_poids
39,30.57,45.7,perte_poids
48,34.09,40.5,perte_poids
48,25.81,29.1,maintien
57,26.53,43.9,maintien
50,29.09,22.2,perte_poids
33,23.33,28.9,maintien
58,31.38,26.5,maintien
44,21.18,32.1,prise_masse
48,36.04,44.2,perte_poids
42,30.46,23.3,perte_poids
21,29.69,31.0,perte_poids
47,31.36,32.7,perte_poids
45,38.97,36.6,perte_poids
39,23.76,37.5,perte_poids
36,36.85,37.7,perte_poids
30,20.74,31.5,maintien
25,38.1,41.6,perte_poids
49,26.03,27.0,perte_poids
25,30.65,24.0,maintien
27,19.66,25.2,maintien
51,29.17,27.7,perte_poids
36,20.56,27.0,prise_masse
19,21.2,30.2,maintien
41,30.42,46.0,perte_poids
32,29.08,24.7,maintien
47,29.93,26.4,maintien
59,31.06,28.1,maintien
50,25.6,31.0,maintien
36,43.68,48.0,perte_poids
45,29.76,22.4,maintien
42,27.79,27.9,maintien
30,23.06,33.6,maintien
21,21.26,27.6,maintien
38,27.7,24.1,maintien
54,32.53,41.3,perte_poids
25,47.59,38.2,perte_poids
29,44.98,35.1,perte_poids
20,24.06,37.4,maintien
42,31.41,41.4,perte_poids
54,27.51,36.7,perte_poids
37,19.72,26.5,maintien
39,24.11,36.0,maintien
56,33.16,48.0,perte_poids
35,26.89,36.6,perte_poids
21,33.81,42.6,perte_poids
38,27.03,38.5,maintien
48,37.9,29.1,maintien
39,24.32,33.7,perte_poids
26,20.35,26.2,maintien
54,32.25,42.7,perte_poids
37,24.64,30.8,maintien
58,33.13,27.1,perte_poids
18,30.04,32.4,perte_poids
21,32.33,41.1,perte_poids
48,29.04,43.9,perte_poids
21,30.37,37.4,perte_poids
39,30.85,32.1,perte_poids
19,22.96,39.4,perte_poids
56,29.93,39.6,maintien
19,36.71,43.1,perte_poids
51,45.12,35.6,perte_poids
43,25.01,40.6,maintien
27,23.65,23.1,maintien
36,29.55,33.6,perte_poids
22,21.11,27.0,maintien
22,19.32,15.0,maintien
39,31.52,39.0,perte_poids
35,53.14,48.6,perte_poids
22,29.09,35.2,perte_poids
20,22.66,38.4,maintien
27,20.64,36.9,maintien
54,29.65,28.6,perte_poids
28,23.17,31.7,maintien
27,23.68,28.6,maintien
51,34.23,27.8,perte_poids
42,26.33,23.9,perte_poids
47,32.42,39.8,perte_poids
55,20.7,35.9,perte_poids
48,28.16,40.8,perte_poids
22,24.21,40.5,maintien
20,24.67,39.7,maintien
28,22.5,35.2,maintien
33,20.68,36.2,maintien
18,22.56,23.2,maintien
30,36.63,41.1,perte_poids
24,26.76,43.1,maintien
27,33.61,48.8,perte_poids
45,31.36,26.0,perte_poids
41,32.55,34.2,perte_poids
23,17.92,17.4,prise_masse
27,23.67,37.4,maintien
26,24.48,26.3,maintien
26,22.38,18.6,maintien
57,20.87,32.0,maintien
47,28.42,41.7,perte_poids
29,26.92,39.0,perte_poids
47,43.97,47.7,perte_poids
55,33.49,31.5,perte_poids
47,42.06,34.1,perte_poids
22,21.03,27.2,maintien
56,24.56,29.4,perte_poids
51,27.34,23.6,maintien
28,28.25,37.8,perte_poids
33,27.04,22.1,perte_poids
45,33.02,26.3,perte_poids
37,36.73,47.0,perte_poids
32,34.43,41.9,perte_poids
42,27.2,34.8,perte_poids
56,34.66,32.8,perte_poids
32,22.33,33.6,perte_poids
43,39.48,41.6,perte_poids
43,27.85,27.9,perte_poids
22,35.04,46.6,perte_poids
41,31.1,43.6,perte_poids
57,52.78,48.6,perte_poids
42,21.15,24.9,maintien
30,22.69,22.1,maintien
30,21.52,35.7,maintien
36,21.31,32.3,maintien
22,18.17,30.5,prise_masse
28,25.15,18.5,perte_poids
57,26.21,39.7,perte_poids
45,41.59,44.6,perte_poids
30,29.05,30.9,maintien
28,25.14,24.4,maintien
55,28.63,41.4,maintien
18,33.51,40.6,perte_poids
18,24.2,31.6,maintien
55,20.61,37.6,maintien
40,18.38,25.2,prise_masse
24,28.65,35.6,perte_poids
36,31.76,43.7,perte_poids
18,35.72,48.0,perte_poids
59,41.79,49.5,perte_poids
45,33.21,46.4,perte_poids
18,22.03,38.1,maintien
40,25.81,41.9,perte_poids
36,24.64,22.9,maintien
48,38.85,31.6,perte_poids
55,32.86,24.9,maintien
35,19.98,30.6,maintien
41,36.49,35.2,perte_poids
47,43.62,47.0,perte_poids
46,29.14,42.9,maintien
35,25.33,37.5,maintien
21,39.07,44.8,perte_poids
27,33.6,45.3,perte_poids
29,27.77,28.7,perte_poids
25,27.17,26.5,maintien
18,20.41,15.6,prise_masse
45,24.12,25.6,perte_poids
57,27.27,28.2,perte_poids
49,34.8,49.4,perte_poids
57,37.09,32.8,perte_poids
22,25.88,38.0,maintien
55,28.15,41.7,maintien
49,26.8,16.4,maintien
47,26.88,31.7,perte_poids
44,53.16,48.5,perte_poids
45,48.48,42.1,perte_poids
56,42.52,46.7,perte_poids
55,31.05,38.1,perte_poids
52,34.93,28.4,perte_poids
51,28.93,42.9,maintien
55,27.95,28.8,maintien
58,32.16,44.5,perte_poids
34,29.93,27.4,perte_poids
50,22.75,33.3,maintien
29,30.3,41.8,perte_poids
33,30.06,29.0,perte_poids
29,31.16,30.3,perte_poids
32,44.93,56.1,perte_poids
22,23.72,30.6,maintien
19,25.79,27.1,maintien
28,25.75,42.9,perte_poids
26,44.45,35.6,perte_poids
50,27.93,23.9,perte_poids
40,24.15,33.7,perte_poids
52,25.5,39.1,perte_poids
19,23.72,31.2,maintien
19,20.56,26.3,maintien
28,19.07,13.3,prise_masse
32,35.78,21.3,perte_poids
18,50.93,44.4,maintien
19,27.18,28.5,maintien
52,33.41,40.6,perte_poids
38,22.54,35.0,maintien
59,28.46,40.1,perte_poids
51,33.86,45.6,perte_poids
55,33.58,46.2,perte_poids
29,33.31,25.9,perte_poids
34,30.75,41.7,perte_poids
37,35.35,32.4,perte_poids
58,29.01,24.2,perte_poids
33,28.38,42.1,perte_poids
52,28.29,27.2,perte_poids
46,34.18,43.3,perte_poids
56,27.76,36.1,maintien
32,41.56,48.5,perte_poids
31,25.7,34.6,maintien
33,21.72,30.2,maintien
52,25.96,25.7,maintien
45,41.59,42.7,maintien
46,33.85,36.6,maintien
30,25.82,25.2,maintien
41,38.06,32.2,perte_poids
50,25.81,34.5,perte_poids
27,22.16,24.5,maintien
59,34.06,31.0,perte_poids
29,27.72,40.6,perte_poids
18,34.96,32.5,perte_poids
54,29.29,33.2,perte_poids
19,22.4,17.6,prise_masse
43,26.75,25.7,maintien
18,38.97,38.3,perte_poids
28,29.89,31.3,perte_poids
43,17.4,24.0,prise_masse
36,24.33,40.7,perte_poids
23,29.48,32.3,perte_poids
54,33.47,43.3,perte_poids
43,19.5,31.5,maintien
33,33.1,26.7,perte_poids
18,24.26,21.3,maintien
38,28.53,27.0,maintien
39,32.03,40.6,perte_poids
24,19.06,21.3,maintien
31,24.13,36.0,maintien
33,25.89,28.7,perte_poids
25,28.83,27.6,perte_poids
20,21.57,12.5,maintien
41,28.61,29.6,perte_poids
25,30.47,36.1,perte_poids
35,21.15,28.7,maintien
56,25.81,41.3,perte_poids
18,25.28,25.9,maintien
56,27.99,41.7,maintien
21,43.57,37.4,maintien
48,22.69,33.6,maintien
33,43.63,50.6,perte_poids
56,35.75,43.3,perte_poids
38,24.95,37.5,maintien
37,26.67,43.2,perte_poids
51,33.37,42.2,perte_poids
59,22.7,23.1,prise_masse
26,26.41,30.9,maintien
44,37.66,48.9,perte_poids
35,40.07,29.8,perte_poids
20,25.25,30.6,maintien
34,21.85,18.4,maintien
52,27.66,40.5,perte_poids
21,32.25,29.6,maintien
35,25.04,23.5,maintien
47,24.94,40.3,perte_poids
48,23.64,32.1,maintien
42,31.29,48.8,maintien
21,20.61,26.9,maintien
54,28.47,39.1,perte_poids
34,35.81,33.7,maintien
51,37.52,41.9,perte_poids
19,39.15,46.9,perte_poids
43,31.98,41.9,perte_poids
27,25.11,42.7,maintien
41,21.86,32.7,maintien
30,22.74,30.2,maintien
36,42.92,46.4,perte_poids
36,51.88,40.4,perte_poids
46,39.07,34.7,perte_poids
55,22.47,21.5,maintien
26,25.19,27.1,maintien
23,28.31,20.7,maintien
58,25.71,43.1,maintien
28,37.05,42.5,perte_poids
42,28.26,41.7,perte_poids
52,23.58,34.8,maintien
41,32.27,31.3,perte_poids
26,31.66,25.3,perte_poids
23,28.2,40.3,perte_poids
19,28.1,32.4,maintien
22,26.86,27.2,maintien
45,26.24,45.4,maintien
51,21.38,24.7,maintien
25,19.02,18.6,maintien
40,35.87,41.5,perte_poids
59,29.46,37.8,perte_poids
37,39.36,44.6,perte_poids
20,21.29,13.9,maintien
55,27.23,22.3,maintien
18,16.75,31.4,maintien
21,20.84,22.9,prise_masse
47,32.59,34.9,perte_poids
20,17.24,28.1,maintien
25,17.91,22.5,prise_masse
37,21.8,31.8,maintien
38,27.93,41.6,perte_poids
22,42.22,43.8,perte_poids
57,30.45,28.3,perte_poids
28,38.44,32.9,maintien
34,26.38,25.7,maintien
18,19.63,26.4,maintien
30,27.52,42.7,perte_poids
42,30.2,42.0,perte_poids
50,27.14,35.7,maintien
27,33.93,21.8,maintien
28,26.6,30.9,maintien
29,32.9,42.0,perte_poids
37,18.91,25.7,prise_masse
29,18.64,15.7,prise_masse
23,31.07,30.8,perte_poids
42,20.45,29.0,maintien
52,25.24,31.0,perte_poids
53,25.07,29.3,maintien
59,24.34,38.8,maintien
27,30.94,28.2,perte_poids
46,32.09,46.5,perte_poids
41,44.4,46.3,prise_masse
18,20.6,14.3,maintien
57,26.43,36.7,maintien
28,33.29,24.3,maintien
55,19.7,26.2,prise_masse
32,30.55,25.0,perte_poids
34,32.14,39.3,perte_poids
22,23.38,39.9,perte_poids
36,21.9,33.4,prise_masse
51,19.31,27.2,maintien
46,22.91,37.8,maintien
32,32.4,27.1,perte_poids
19,49.29,46.1,perte_poids
56,17.75,30.6,prise_masse
56,33.28,43.4,perte_poids
39,31.68,37.0,perte_poids
23,35.6,40.1,perte_poids
22,26.41,23.9,maintien
49,39.3,45.8,perte_poids
44,27.56,39.5,maintien
59,22.67,33.3,maintien
45,19.41,21.1,prise_masse
19,25.33,32.2,maintien
36,38.11,46.3,perte_poids
48,34.5,43.8,perte_poids
59,17.49,31.4,prise_masse
33,24.87,35.7,prise_masse
37,40.8,35.9,perte_poids
19,20.86,25.2,maintien
31,27.38,28.8,maintien
33,40.17,47.8,perte_poids
33,26.23,42.7,perte_poids
59,40.58,40.7,perte_poids
19,38.45,40.9,perte_poids
49,28.66,43.7,maintien
26,20.38,33.1,maintien
28,18.36,30.2,maintien
18,17.73,24.2,maintien
58,27.94,41.4,maintien
47,24.8,37.1,perte_poids
35,25.81,25.0,maintien
55,30.32,31.5,perte_poids
50,25.21,37.3,maintien
58,28.77,22.6,perte_poids
57,28.55,43.6,perte_poids
35,32.84,18.6,perte_poids
33,27.71,26.1,maintien
35,30.61,39.8,perte_poids
48,32.41,38.6,perte_poids
55,26.24,27.2,maintien
34,28.69,23.7,prise_masse
55,39.57,43.4,perte_poids
54,37.93,35.5,perte_poids
48,34.09,35.4,perte_poids
44,29.69,28.6,perte_poids
38,32.42,40.7,perte_poids
50,30.58,42.0,perte_poids
26,21.2,15.1,maintien
36,26.49,23.0,maintien
27,31.19,28.5,maintien
57,27.52,36.0,perte_poids
54,31.07,30.3,perte_poids
38,31.6,34.6,perte_poids
18,19.69,26.1,maintien
33,39.96,48.8,maintien
57,31.01,27.9,perte_poids
29,19.34,17.7,prise_masse
34,52.88,44.6,perte_poids
45,39.56,35.3,perte_poids
25,41.24,36.1,perte_poids
47,26.08,39.1,maintien
34,26.12,35.1,maintien
56,42.11,51.1,perte_poids
30,34.18,29.0,perte_poids
39,36.49,39.8,maintien
47,42.76,50.0,perte_poids
25,26.18,40.6,maintien
30,33.87,34.9,maintien
22,21.58,16.4,maintien
34,40.87,31.7,perte_poids
57,31.64,31.8,perte_poids
52,26.1,41.1,perte_poids
22,21.69,37.9,maintien
29,38.9,40.7,perte_poids
46,28.05,25.5,perte_poids
54,19.47,31.9,maintien
52,31.31,33.7,maintien
52,23.52,36.9,perte_poids
31,22.0,33.3,maintien
29,23.78,40.0,perte_poids
53,26.16,23.6,maintien
34,25.28,45.0,maintien
55,21.21,16.4,maintien
22,28.41,20.3,maintien
49,25.59,35.9,perte_poids
42,34.5,34.5,perte_poids
40,33.88,29.2,perte_poids
39,22.22,23.6,maintien
41,24.81,24.8,maintien
53,28.64,29.7,perte_poids
52,20.79,23.0,maintien
59,40.09,39.4,perte_poids
39,19.69,31.9,maintien
38,20.73,31.4,maintien
44,24.0,30.1,maintien
24,25.56,41.8,perte_poids
38,32.89,43.4,perte_poids
48,27.33,36.4,perte_poids
38,30.5,26.5,perte_poids
30,19.08,27.8,maintien
49,26.47,26.4,maintien
59,38.9,50.6,perte_poids
39,32.81,27.6,perte_poids
55,27.6,43.8,perte_poids
23,60.33,46.0,perte_poids
50,20.63,21.1,maintien
51,28.89,45.4,perte_poids
50,37.66,42.1,perte_poids
29,26.95,41.8,maintien
49,27.59,32.2,maintien
51,21.71,40.6,maintien
18,20.5,28.9,maintien
35,22.42,24.5,maintien
51,31.02,20.5,perte_poids
30,23.51,29.3,maintien
34,26.23,33.2,perte_poids
51,31.98,32.8,perte_poids
33,32.68,25.9,perte_poids
48,25.46,27.3,perte_poids
44,26.96,30.9,perte_poids
22,31.22,27.4,perte_poids
42,48.9,45.6,perte_poids
43,25.44,37.0,perte_poids
53,34.77,28.5,perte_poids
35,38.71,36.4,perte_poids
37,32.03,32.9,perte_poids
54,25.99,25.9,prise_masse
27,35.27,29.2,perte_poids
21,38.69,40.9,perte_poids
46,40.21,30.6,perte_poids
22,17.96,19.9,maintien
55,21.13,39.0,maintien
23,19.81,35.2,maintien
24,32.42,36.2,perte_poids
49,34.01,42.7,maintien
43,28.04,39.9,perte_poids
19,18.73,13.7,prise_masse
44,23.77,28.4,maintien
22,32.47,35.3,perte_poids
22,17.11,14.9,maintien
58,25.48,24.5,maintien
22,21.33,19.0,maintien
53,30.0,29.1,perte_poids
29,20.65,32.4,perte_poids
21,35.07,34.2,perte_poids
55,22.07,34.5,maintien
55,32.09,43.4,perte_poids
58,23.6,38.6,perte_poids
40,26.52,35.7,perte_poids
20,36.83,42.4,perte_poids
20,28.2,23.6,maintien
28,22.62,22.6,maintien
36,21.27,31.7,maintien
58,29.9,24.9,perte_poids
47,27.63,34.3,perte_poids
38,23.32,27.2,perte_poids
28,42.36,42.8,perte_poids
36,28.59,44.4,perte_poids
25,32.62,37.7,perte_poids
31,30.25,33.3,maintien
45,45.37,43.7,perte_poids
28,34.47,36.0,perte_poids
57,21.41,32.2,maintien
26,28.38,39.8,perte_poids
43,35.52,35.1,perte_poids
33,37.48,42.6,perte_poids
39,35.69,46.7,perte_poids
59,20.56,34.5,maintien
46,26.45,28.2,maintien
39,24.57,23.5,maintien
25,22.64,28.5,perte_poids
57,22.81,32.0,maintien
59,25.0,39.4,maintien
37,36.03,33.9,perte_poids
18,34.32,33.0,perte_poids
37,23.57,27.1,maintien
44,35.4,37.3,perte_poids
54,28.04,41.6,perte_poids
49,30.52,33.2,perte_poids
55,28.32,42.5,perte_poids
24,22.52,16.6,prise_masse
28,37.95,37.5,perte_poids
36,23.51,22.3,maintien
55,31.06,30.2,maintien
38,26.82,30.4,perte_poids
53,35.02,33.6,perte_poids
22,31.64,41.4,maintien
57,27.14,29.5,perte_poids
40,26.72,45.5,perte_poids
28,16.51,23.4,maintien
57,20.38,33.2,maintien
19,28.13,36.8,perte_poids
53,20.39,36.0,maintien
40,29.65,29.8,perte_poids
32,28.97,39.9,perte_poids
45,36.52,44.7,perte_poids
59,30.12,43.8,perte_poids
30,27.19,42.4,perte_poids
21,37.22,45.3,perte_poids
38,33.45,46.1,perte_poids
56,18.98,30.6,maintien
28,30.16,24.0,maintien
40,27.33,24.0,maintien
30,30.0,30.3,maintien
49,26.38,43.4,perte_poids
53,25.52,36.1,maintien
52,32.38,28.6,maintien
22,32.3,46.2,perte_poids
49,28.62,44.0,perte_poids
38,36.06,46.6,perte_poids
56,24.34,37.5,perte_poids
21,34.08,31.4,maintien
23,38.27,38.5,perte_poids
28,36.52,44.1,perte_poids
36,21.26,18.9,prise_masse
25,18.91,22.4,prise_masse
33,31.72,42.7,perte_poids
33,29.0,40.0,maintien
31,20.65,36.2,maintien
48,31.17,35.0,perte_poids
55,23.71,19.3,maintien
42,39.03,46.7,perte_poids
19,26.74,27.6,maintien
54,35.65,35.8,maintien
35,26.1,39.9,maintien
44,28.49,33.8,perte_poids
38,27.95,28.6,perte_poids
45,34.27,27.9,perte_poids
44,35.13,39.8,perte_poids
27,37.59,34.4,perte_poids
23,45.55,49.4,perte_poids
59,35.81,32.4,perte_poids
36,44.73,48.0,perte_poids
47,20.17,23.2,maintien
48,54.65,51.6,perte_poids
20,26.26,36.8,maintien
19,23.12,35.5,maintien
46,31.05,30.9,perte_poids
37,36.15,30.5,perte_poids
24,19.12,25.6,maintien
24,20.6,25.0,maintien
50,34.76,39.3,perte_poids
32,26.64,36.3,maintien
21,21.61,32.1,maintien
22,23.04,19.7,maintien
35,26.93,37.5,maintien
50,35.07,39.8,perte_poids
43,29.43,21.6,maintien
35,33.74,47.0,maintien
49,40.14,50.1,perte_poids
29,31.72,45.7,perte_poids
21,28.97,41.0,maintien
20,27.68,29.5,perte_poids
32,48.4,50.3,perte_poids
37,25.64,29.4,maintien
24,40.6,47.0,perte_poids
31,24.48,28.7,maintien
53,27.0,32.9,perte_poids
26,29.38,43.7,perte_poids
53,28.34,37.2,maintien
18,23.1,21.1,maintien
34,32.87,36.5,perte_poids
56,31.97,22.2,maintien
39,41.02,45.6,perte_poids
19,23.69,31.8,perte_poids
42,29.34,40.6,maintien
24,21.01,15.4,maintien
31,29.86,30.4,perte_poids
44,22.34,40.8,maintien
44,23.88,33.3,perte_poids
41,32.76,24.4,perte_poids
31,21.24,37.9,perte_poids
19,25.14,19.8,maintien
59,28.91,44.0,perte_poids
42,40.06,30.6,perte_poids
58,33.69,33.2,maintien
36,26.52,30.5,maintien
57,37.27,34.2,perte_poids
23,21.36,28.8,maintien
49,27.01,40.6,perte_poids
42,27.53,23.4,maintien
31,24.68,36.9,maintien
27,27.68,20.3,perte_poids
48,22.44,39.1,maintien
54,26.15,26.7,perte_poids
38,29.93,28.6,perte_poids
36,23.11,35.2,maintien
26,27.35,27.1,perte_poids
22,19.32,22.2,prise_masse
41,44.65,38.8,perte_poids
23,32.14,24.4,maintien
23,19.41,14.8,prise_masse
48,25.52,22.3,maintien
22,21.57,21.3,maintien
34,27.39,21.6,maintien
24,26.86,38.0,maintien
40,25.8,29.8,maintien
51,19.51,32.3,prise_masse
56,28.09,36.6,perte_poids
18,18.93,30.3,maintien
34,19.99,15.4,maintien
54,37.16,46.2,perte_poids
26,25.87,30.2,perte_poids
36,39.11,42.8,perte_poids
38,31.76,32.0,perte_poids
54,27.78,37.7,perte_poids
22,31.29,43.6,perte_poids
18,26.89,31.1,maintien
37,19.3,18.2,prise_masse
32,32.63,31.9,perte_poids
18,45.95,47.9,perte_poids
19,20.79,26.6,maintien
33,29.21,21.6,maintien
39,21.14,29.7,maintien
56,29.58,35.8,perte_poids
45,18.99,14.5,prise_masse
19,19.93,35.9,prise_masse
28,28.85,40.8,perte_poids
18,22.07,17.6,maintien
53,24.62,25.6,maintien
50,45.93,46.5,perte_poids
25,30.59,30.5,perte_poids
18,26.35,28.7,maintien
33,26.21,24.7,maintien
33,21.64,21.0,maintien
39,33.16,40.8,perte_poids
52,27.93,27.4,maintien
34,18.65,23.8,prise_masse
39,41.44,39.5,perte_poids
36,27.4,29.5,perte_poids
31,24.7,24.9,maintien
22,27.52,29.4,maintien
31,22.42,31.7,maintien
39,23.91,31.1,maintien
33,29.31,39.9,perte_poids
18,31.13,41.6,perte_poids
31,30.02,35.0,perte_poids
59,27.29,39.5,maintien
40,28.95,35.8,perte_poids
26,29.23,44.0,perte_poids
44,24.91,17.9,maintien
26,24.62,40.6,maintien
27,31.62,37.4,perte_poids
20,17.99,22.2,maintien
25,32.69,28.9,perte_poids
45,31.28,33.8,perte_poids
42,25.7,27.8,maintien
44,19.77,54.2,maintien
19,24.37,31.5,maintien
54,38.46,42.8,perte_poids
19,28.37,43.6,perte_poids
32,24.29,18.0,prise_masse
37,22.69,23.4,maintien
33,36.86,31.0,perte_poids
38,36.09,40.2,perte_poids
19,26.99,30.1,maintien
33,42.55,38.1,perte_poids
56,23.2,35.6,maintien
56,19.79,31.0,maintien
34,23.52,37.3,maintien
29,42.73,49.0,perte_poids
58,24.71,30.0,maintien
34,20.4,23.8,maintien
25,21.28,26.1,maintien
28,24.52,36.3,perte_poids
46,26.33,27.1,perte_poids
33,30.77,36.8,maintien
41,32.28,23.5,perte_poids
41,26.35,29.6,maintien
38,28.31,27.5,maintien
36,32.75,24.8,perte_poids
19,15.69,32.0,prise_masse
29,28.55,27.9,maintien
31,30.23,27.5,maintien
33,25.31,21.5,maintien
45,36.58,32.3,perte_poids
38,32.31,28.3,perte_poids
51,27.69,31.0,maintien
59,30.98,45.6,perte_poids
33,31.23,31.6,maintien
46,40.24,39.5,perte_poids
34,31.92,40.4,perte_poids
55,38.87,35.0,perte_poids
19,23.75,13.1,maintien
50,26.27,26.6,maintien
50,33.12,31.1,perte_poids
53,29.23,23.6,maintien
23,20.01,20.4,maintien
54,30.52,26.1,perte_poids
25,28.56,42.8,perte_poids
50,21.74,17.5,maintien
59,31.41,45.1,perte_poids
39,22.66,28.2,maintien
18,26.46,33.2,perte_poids
34,27.9,21.1,perte_poids
57,34.66,45.7,perte_poids
56,23.15,38.1,maintien
48,28.64,30.7,perte_poids
32,23.13,31.8,prise_masse
46,30.6,35.5,perte_poids
56,30.57,31.6,perte_poids
46,27.04,21.3,maintien
22,30.55,27.8,perte_poids
18,23.52,27.9,perte_poids
26,22.35,25.9,maintien
34,32.11,33.5,perte_poids
53,29.58,32.5,maintien
33,26.94,14.0,maintien
21,22.45,21.0,maintien
19,36.67,48.2,perte_poids
59,48.1,46.3,perte_poids
51,30.08,28.1,perte_poids
44,28.46,40.9,perte_poids
50,29.68,27.2,perte_poids
39,17.69,29.3,prise_masse
32,19.66,16.8,prise_masse
47,18.23,32.6,maintien
26,34.0,30.8,perte_poids
22,22.26,16.6,prise_masse
22,23.97,22.1,maintien
39,34.17,30.9,perte_poids
51,28.89,38.3,perte_poids
24,16.27,16.7,prise_masse
55,33.36,47.9,perte_poids
52,36.85,45.3,perte_poids
40,24.14,27.8,maintien
23,23.56,34.0,maintien
20,32.67,28.7,perte_poids
53,28.04,45.6,perte_poids
43,30.97,32.5,perte_poids
54,32.58,39.6,perte_poids
50,29.9,41.7,perte_poids
23,19.64,12.9,maintien
57,24.29,40.5,perte_poids
50,31.69,33.7,perte_poids
50,30.55,27.5,perte_poids
50,30.97,36.7,perte_poids
34,26.6,25.4,maintien
46,23.11,34.4,maintien
25,26.2,20.6,maintien
49,32.11,33.8,perte_poids
56,32.79,33.4,perte_poids
58,40.99,47.0,perte_poids
35,29.27,29.9,perte_poids
52,26.36,39.8,maintien
46,23.56,31.3,maintien
42,33.5,40.0,maintien
47,28.57,26.5,maintien
30,43.94,51.5,perte_poids
57,32.62,43.8,perte_poids
25,22.58,31.7,maintien
24,30.27,31.3,maintien
42,32.46,43.4,perte_poids
48,26.17,37.6,perte_poids
57,26.75,43.4,perte_poids
35,25.25,31.2,maintien
55,24.98,37.4,perte_poids
51,27.5,45.2,perte_poids
57,33.97,34.6,perte_poids
19,25.51,40.4,perte_poids
30,25.9,42.3,perte_poids
54,44.29,39.2,perte_poids
45,22.46,14.1,maintien
45,40.86,34.0,perte_poids
44,46.96,42.0,perte_poids
51,26.44,43.4,perte_poids
44,26.6,34.4,maintien
21,42.52,40.9,perte_poids
51,25.75,35.9,perte_poids
32,31.65,27.9,maintien
37,30.08,42.0,perte_poids
50,30.23,34.5,perte_poids
47,31.6,25.6,perte_poids
44,27.24,40.1,perte_poids
43,35.64,31.9,perte_poids
20,23.35,36.8,perte_poids
20,26.68,39.1,maintien
51,24.66,18.9,maintien
55,19.77,34.5,maintien
39,38.22,43.5,perte_poids
33,22.43,19.9,maintien
31,20.79,15.3,prise_masse
43,35.08,39.6,perte_poids
24,18.02,23.0,maintien
48,26.27,23.5,maintien
27,23.57,33.7,maintien
55,29.62,33.4,perte_poids
31,20.16,27.7,maintien
33,23.71,15.5,maintien
41,26.14,35.4,maintien
